{
    "sum": 3133638222.0,
    "min": 100063.0,
    "max": 999967.0,
    "mean": 550340.3972602739,
    "std": 261240.7983317954
}