{
    "sum": 833729577.0,
    "min": 10264.0,
    "max": 499969.0,
    "mean": 254030.94972577697,
    "std": 139933.28600915268
}