{
    "sum": 1562233.0,
    "min": 0.0,
    "max": 99492.0,
    "mean": 27407.59649122807,
    "std": 30613.856504892196
}