{
    "sum": 107653482422.0,
    "min": 579097.0,
    "max": 998500847.0,
    "mean": 512635630.5809524,
    "std": 276693459.5378123
}